Workbook

Sheet MASTER
A1: Bill Of Quantities FWA PROJECT
A2: NO | B2: Descrpition | C2: Bill Of Quantities
C3: UOM | D3: TOTAL SITE | E3: BREBES | F3: TASIKMALAYA | G3: PURWOKERTO | H3: SUKOHARJO | I3: SRAGEN | J3: GROBOGAN | L3: TOTAL PRICE
A4: A | B4: Service
A5: 1 | B5: Service: Penarikan Kabel 24 core Distribution | C5: meter | D5: =SUM(E5:J5) -> 200799 | E5: =BREBES!D5 -> 44600 | F5: =TASIKMALAYA!D5 -> 20300 | G5: =PURWOKERTO!D5 -> 36600 | H5: =SUKOHARJO!D5 -> 36100 | I5: =SRAGEN!D5 -> 53000 | J5: =GROBOGAN!D5 -> 10199 | L5: =K5*D5 -> 0
A6: 2 | B6: Service: Pemasangan Tiang 7m (4"/3mm)+Include pemasangan asesoris KU dan Cor Pondasi sesuai standart | C6: btg | D6: =SUM(E6:J6) -> 3274 | E6: =BREBES!D6 -> 734 | F6: =TASIKMALAYA!D6 -> 339 | G6: =PURWOKERTO!D6 -> 584 | H6: =SUKOHARJO!D6 -> 588 | I6: =SRAGEN!D6 -> 866 | J6: =GROBOGAN!D6 -> 163 | L6: =K6*D6 -> 0
A7: 3 | B7: Service: Pemasangan Tiang 9m (4"/3mm)+Include pemasangan asesoris KU dan Cor Pondasi sesuai standart | C7: btg | D7: =SUM(E7:J7) -> 790 | E7: =BREBES!D7 -> 183 | F7: =TASIKMALAYA!D7 -> 87 | G7: =PURWOKERTO!D7 -> 146 | H7: =SUKOHARJO!D7 -> 150 | I7: =SRAGEN!D7 -> 188 | J7: =GROBOGAN!D7 -> 36 | L7: =K7*D7 -> 0
A8: 4 | B8: Service: Pemasangan Xframe/ Slack Hanger | C8: unit | D8: =SUM(E8:J8) -> 445 | E8: 97 | F8: 44 | G8: 66 | H8: 149 | I8: 62 | J8: 27 | L8: =K8*D8 -> 0
A9: 5 | B9: Service: Pemasangan ODP 24 - 144 core Lebih Include Labeling - Feeder | C9: pcs | D9: =SUM(E9:J9) -> 130 | E9: 30 | F9: 10 | G9: 19 | H9: 49 | I9: 15 | J9: 7 | L9: =K9*D9 -> 0
A10: 6 | B10: Service: Pemasangan Closure 24 - 144 core lebih Include Labeling - Feeder | C10: titik | D10: =SUM(E10:J10) -> 0 | E10: =BREBES!D10 -> 0 | F10: =TASIKMALAYA!D10 -> 0 | G10: =PURWOKERTO!D10 -> 0 | H10: =SUKOHARJO!D10 -> 0 | I10: =SRAGEN!D10 -> 0 | J10: =GROBOGAN!D10 -> 0 | L10: =K10*D10 -> 0
A11: 7 | B11: Service: Splicing core Include Labeling (Berikut Testing OTDR & OPM) - Feeder | C11: core | D11: =SUM(E11:J11) -> 0 | E11: =BREBES!D11 -> 0 | F11: =TASIKMALAYA!D11 -> 0 | G11: =PURWOKERTO!D11 -> 0 | H11: =SUKOHARJO!D11 -> 0 | I11: =SRAGEN!D11 -> 0 | J11: =GROBOGAN!D11 -> 0 | L11: =K11*D11 -> 0
A12: 8 | B12: ADD On | D12: =SUM(E12:J12) -> 0 | E12: =BREBES!D12 -> 0 | F12: =TASIKMALAYA!D12 -> 0 | G12: =PURWOKERTO!D12 -> 0 | H12: =SUKOHARJO!D12 -> 0 | I12: =SRAGEN!D12 -> 0 | J12: =GROBOGAN!D12 -> 0 | L12: =K12*D12 -> 0
A13: 9 | B13: Add On: Transportation Accomodation | C13: site | D13: =SUM(E13:J13) -> 0 | E13: =BREBES!D13 -> 0 | F13: =TASIKMALAYA!D13 -> 0 | G13: =PURWOKERTO!D13 -> 0 | H13: =SUKOHARJO!D13 -> 0 | I13: =SRAGEN!D13 -> 0 | J13: =GROBOGAN!D13 -> 0 | L13: =K13*D13 -> 0
A14: 10 | B14: Add On: Survey Lapangan Backbone < 1 Km | C14: meter | D14: =SUM(E14:J14) -> 0 | E14: =BREBES!D14 -> 0 | F14: =TASIKMALAYA!D14 -> 0 | G14: =PURWOKERTO!D14 -> 0 | H14: =SUKOHARJO!D14 -> 0 | I14: =SRAGEN!D14 -> 0 | J14: =GROBOGAN!D14 -> 0 | L14: =K14*D14 -> 0
A15: 11 | B15: Add On: Pengurusan Izin Kordinasi PU (exclude retribusi ) | C15: meter | D15: =SUM(E15:J15) -> 0 | E15: =BREBES!D15 -> 0 | F15: =TASIKMALAYA!D15 -> 0 | G15: =PURWOKERTO!D15 -> 0 | H15: =SUKOHARJO!D15 -> 0 | I15: =SRAGEN!D15 -> 0 | J15: =GROBOGAN!D15 -> 0 | L15: =K15*D15 -> 0
A16: 12 | B16: Add On : Homebase & Warehouse | C16: site | D16: =SUM(E16:J16) -> 0 | E16: =BREBES!D16 -> 0 | F16: =TASIKMALAYA!D16 -> 0 | G16: =PURWOKERTO!D16 -> 0 | H16: =SUKOHARJO!D16 -> 0 | I16: =SRAGEN!D16 -> 0 | J16: =GROBOGAN!D16 -> 0 | L16: =K16*D16 -> 0
A17: 13 | B17: Add On: As Plan Drawing, As Built Drawing, dan Gambar Teknis | C17: site | D17: =SUM(E17:J17) -> 0 | E17: =BREBES!D17 -> 0 | F17: =TASIKMALAYA!D17 -> 0 | G17: =PURWOKERTO!D17 -> 0 | H17: =SUKOHARJO!D17 -> 0 | I17: =SRAGEN!D17 -> 0 | J17: =GROBOGAN!D17 -> 0 | L17: =K17*D17 -> 0
A18: 14 | B18: Add On : Kordinasi Ormas Lingkungan & Privat area | C18: meter | D18: =SUM(E18:J18) -> 0 | E18: =BREBES!D18 -> 0 | F18: =TASIKMALAYA!D18 -> 0 | G18: =PURWOKERTO!D18 -> 0 | H18: =SUKOHARJO!D18 -> 0 | I18: =SRAGEN!D18 -> 0 | J18: =GROBOGAN!D18 -> 0 | L18: =K18*D18 -> 0
E20: Subtotal PO | K20: TOTAL | L20: =SUM(L5:L19) -> 0

Sheet BREBES
A1: Bill Of Quantities FWA PROJECT SEGMENT : BREBES (CIREBON - BREBES - TEGAL - PEKALONGAN - INDRAMAYU - SEMARANG)
A2: NO | B2: Descrpition | C2: Bill Of Quantities
C3: UOM | D3: TOTAL SITE | E3: BREBES | F3: CIREBON | G3: INDRAMAYU | H3: TEGAL-PEKALONGAN | I3: SEMARANG | K3: TOTAL PRICE
A4: A | B4: Service
A5: 1 | B5: Service: Penarikan Kabel 24 core Distribution | C5: meter | D5: =SUM(E5:I5) -> 44600 | E5: 11000 | F5: 11000 | G5: 8500 | H5: 10000 | I5: 4100 | J5: 10000 | K5: =J5*D5 -> 446000000
A6: 2 | B6: Service: Pemasangan Tiang 7m (4"/3mm)+Include pemasangan asesoris KU dan Cor Pondasi sesuai standart | C6: btg | D6: =SUM(E6:I6) -> 734 | E6: 181 | F6: 182 | G6: 138 | H6: 163 | I6: 70 | J6: 250000 | K6: =J6*D6 -> 183500000
A7: 3 | B7: Service: Pemasangan Tiang 9m (4"/3mm)+Include pemasangan asesoris KU dan Cor Pondasi sesuai standart | C7: btg | D7: =SUM(E7:I7) -> 183 | E7: 44 | F7: 46 | G7: 34 | H7: 42 | I7: 17 | J7: 300000 | K7: =J7*D7 -> 54900000
A8: 4 | B8: Service: Pemasangan Xframe/ Slack Hanger | C8: unit | K8: =J8*D8 -> 0
A9: 5 | B9: Service: Pemasangan ODP 24 - 144 core Lebih Include Labeling - Feeder | C9: pcs | K9: =J9*D9 -> 0
A10: 6 | B10: Service: Pemasangan Closure 24 - 144 core lebih Include Labeling - Feeder | C10: titik | K10: =J10*D10 -> 0
A11: 7 | B11: Service: Splicing core Include Labeling (Berikut Testing OTDR & OPM) - Feeder | C11: core | K11: =J11*D11 -> 0
A12: B | B12: ADD On | K12: =J12*D12 -> 0
A13: 1 | B13: Add On: Transportation Accomodation | C13: site | K13: =J13*D13 -> 0
A14: 2 | B14: Add On: Survey Lapangan Backbone < 1 Km | C14: meter | K14: =J14*D14 -> 0
A15: 3 | B15: Add On: Pengurusan Izin Kordinasi PU (exclude retribusi ) | C15: meter | K15: =J15*D15 -> 0
A16: 4 | B16: Add On : Homebase & Warehouse | C16: site | K16: =J16*D16 -> 0
A17: 5 | B17: Add On: As Plan Drawing, As Built Drawing, dan Gambar Teknis | C17: site | K17: =J17*D17 -> 0
A18: 6 | B18: Add On : Kordinasi Ormas Lingkungan & Privat area | C18: meter | K18: =J18*D18 -> 0
E20: Subtotal PO | J20: TOTAL | K20: =SUM(K5:K19) -> 684400000

Sheet TASIKMALAYA
A1: Bill Of Quantities FWA PROJECT SEGMENT : TASIKMALAYA (TASIKMALAYA - BANJAR)
A2: NO | B2: Descrpition | C2: Bill Of Quantities
C3: UOM | D3: TOTAL SITE | E3: BANJAR | F3: CIAMIS | G3: TASIKMALAYA | I3: TOTAL PRICE
A4: A | B4: Service
A5: 1 | B5: Service: Penarikan Kabel 24 core Distribution | C5: meter | D5: 20300 | E5: 10000 | F5: 3600 | G5: 6900 | I5: =H5*D5 -> 0
A6: 2 | B6: Service: Pemasangan Tiang 7m (4"/3mm)+Include pemasangan asesoris KU dan Cor Pondasi sesuai standart | C6: btg | D6: =SUM(E6:G6) -> 339 | E6: 166 | F6: 58 | G6: 115 | I6: =H6*D6 -> 0
A7: 3 | B7: Service: Pemasangan Tiang 9m (4"/3mm)+Include pemasangan asesoris KU dan Cor Pondasi sesuai standart | C7: btg | D7: =SUM(E7:G7) -> 87 | E7: 40 | F7: 15 | G7: 32 | I7: =H7*D7 -> 0
A8: 4 | B8: Service: Pemasangan Xframe/ Slack Hanger | C8: unit | I8: =H8*D8 -> 0
A9: 5 | B9: Service: Pemasangan ODP 24 - 144 core Lebih Include Labeling - Feeder | C9: pcs | I9: =H9*D9 -> 0
A10: 6 | B10: Service: Pemasangan Closure 24 - 144 core lebih Include Labeling - Feeder | C10: titik | I10: =H10*D10 -> 0
A11: 7 | B11: Service: Splicing core Include Labeling (Berikut Testing OTDR & OPM) - Feeder | C11: core | I11: =H11*D11 -> 0
A12: B | B12: ADD On | I12: =H12*D12 -> 0
A13: 1 | B13: Add On: Transportation Accomodation | C13: site | I13: =H13*D13 -> 0
A14: 2 | B14: Add On: Survey Lapangan Backbone < 1 Km | C14: meter | I14: =H14*D14 -> 0
A15: 3 | B15: Add On: Pengurusan Izin Kordinasi PU (exclude retribusi ) | C15: meter | I15: =H15*D15 -> 0
A16: 4 | B16: Add On : Homebase & Warehouse | C16: site | I16: =H16*D16 -> 0
A17: 5 | B17: Add On: As Plan Drawing, As Built Drawing, dan Gambar Teknis | C17: site | I17: =H17*D17 -> 0
A18: 6 | B18: Add On : Kordinasi Ormas Lingkungan & Privat area | C18: meter | I18: =H18*D18 -> 0
E20: Subtotal PO | H20: TOTAL | I20: =SUM(I5:I19) -> 0

Sheet PURWOKERTO
A1: Bill Of Quantities FWA PROJECT SEGMENT : PURWOKERTO (BANYUMAS - CILACAP - KEBUMEN - PURWOREJO)
A2: NO | B2: Descrpition | C2: Bill Of Quantities
C3: UOM | D3: TOTAL SITE | E3: BANYUMAS | F3: CILACAP | G3: KEBUMEN | H3: PURWOREJO | J3: TOTAL PRICE
A4: A | B4: Service
A5: 1 | B5: Service: Penarikan Kabel 24 core Distribution | C5: meter | D5: =SUM(E5:H5) -> 36600 | E5: 7300 | F5: 15000 | G5: 11000 | H5: 3300 | J5: =I5*D5 -> 0
A6: 2 | B6: Service: Pemasangan Tiang 7m (4"/3mm)+Include pemasangan asesoris KU dan Cor Pondasi sesuai standart | C6: btg | D6: =SUM(E6:H6) -> 584 | E6: 119 | F6: 244 | G6: 168 | H6: 53 | J6: =I6*D6 -> 0
A7: 3 | B7: Service: Pemasangan Tiang 9m (4"/3mm)+Include pemasangan asesoris KU dan Cor Pondasi sesuai standart | C7: btg | D7: =SUM(E7:H7) -> 146 | E7: 30 | F7: 62 | G7: 44 | H7: 10 | J7: =I7*D7 -> 0
A8: 4 | B8: Service: Pemasangan Xframe/ Slack Hanger | C8: unit | J8: =I8*D8 -> 0
A9: 5 | B9: Service: Pemasangan ODP 24 - 144 core Lebih Include Labeling - Feeder | C9: pcs | J9: =I9*D9 -> 0
A10: 6 | B10: Service: Pemasangan Closure 24 - 144 core lebih Include Labeling - Feeder | C10: titik | J10: =I10*D10 -> 0
A11: 7 | B11: Service: Splicing core Include Labeling (Berikut Testing OTDR & OPM) - Feeder | C11: core | J11: =I11*D11 -> 0
A12: B | B12: ADD On | J12: =I12*D12 -> 0
A13: 1 | B13: Add On: Transportation Accomodation | C13: site | J13: =I13*D13 -> 0
A14: 2 | B14: Add On: Survey Lapangan Backbone < 1 Km | C14: meter | J14: =I14*D14 -> 0
A15: 3 | B15: Add On: Pengurusan Izin Kordinasi PU (exclude retribusi ) | C15: meter | J15: =I15*D15 -> 0
A16: 4 | B16: Add On : Homebase & Warehouse | C16: site | J16: =I16*D16 -> 0
A17: 5 | B17: Add On: As Plan Drawing, As Built Drawing, dan Gambar Teknis | C17: site | J17: =I17*D17 -> 0
A18: 6 | B18: Add On : Kordinasi Ormas Lingkungan & Privat area | C18: meter | J18: =I18*D18 -> 0
E20: Subtotal PO | I20: TOTAL | J20: =SUM(J5:J19) -> 0

Sheet SUKOHARJO
A1: Bill Of Quantities FWA PROJECT SEGMENT : SUKOHARJO (SUKOHARJO - KLATEN - SURAKARTA - WONOGIRI)
A2: NO | B2: Descrpition | C2: Bill Of Quantities
C3: UOM | D3: TOTAL SITE | E3: KLATEN | F3: SUKOHARJO | G3: SURAKARTA | H3: WONOGIRI | J3: TOTAL PRICE
A4: A | B4: Service
A5: 1 | B5: Service: Penarikan Kabel 24 core Distribution | C5: meter | D5: =SUM(E5:H5) -> 36100 | E5: 3100 | F5: 6000 | G5: 23500 | H5: 3500 | J5: =I5*D5 -> 0
A6: 2 | B6: Service: Pemasangan Tiang 7m (4"/3mm)+Include pemasangan asesoris KU dan Cor Pondasi sesuai standart | C6: btg | D6: =SUM(E6:H6) -> 588 | E6: 51 | F6: 96 | G6: 386 | H6: 55 | J6: =I6*D6 -> 0
A7: 3 | B7: Service: Pemasangan Tiang 9m (4"/3mm)+Include pemasangan asesoris KU dan Cor Pondasi sesuai standart | C7: btg | D7: =SUM(E7:H7) -> 150 | E7: 12 | F7: 22 | G7: 104 | H7: 12 | J7: =I7*D7 -> 0
A8: 4 | B8: Service: Pemasangan Xframe/ Slack Hanger | C8: unit | J8: =I8*D8 -> 0
A9: 5 | B9: Service: Pemasangan ODP 24 - 144 core Lebih Include Labeling - Feeder | C9: pcs | J9: =I9*D9 -> 0
A10: 6 | B10: Service: Pemasangan Closure 24 - 144 core lebih Include Labeling - Feeder | C10: titik | J10: =I10*D10 -> 0
A11: 7 | B11: Service: Splicing core Include Labeling (Berikut Testing OTDR & OPM) - Feeder | C11: core | J11: =I11*D11 -> 0
A12: B | B12: ADD On | J12: =I12*D12 -> 0
A13: 1 | B13: Add On: Transportation Accomodation | C13: site | J13: =I13*D13 -> 0
A14: 2 | B14: Add On: Survey Lapangan Backbone < 1 Km | C14: meter | J14: =I14*D14 -> 0
A15: 3 | B15: Add On: Pengurusan Izin Kordinasi PU (exclude retribusi ) | C15: meter | J15: =I15*D15 -> 0
A16: 4 | B16: Add On : Homebase & Warehouse | C16: site | J16: =I16*D16 -> 0
A17: 5 | B17: Add On: As Plan Drawing, As Built Drawing, dan Gambar Teknis | C17: site | J17: =I17*D17 -> 0
A18: 6 | B18: Add On : Kordinasi Ormas Lingkungan & Privat area | C18: meter | J18: =I18*D18 -> 0
E20: Subtotal PO | I20: TOTAL | J20: =SUM(J5:J19) -> 0

Sheet SRAGEN
A1: Bill Of Quantities FWA PROJECT SEGMENT : SRAGEN (SRAGEN - KARANG ANYAR)
A2: NO | B2: Descrpition | C2: Bill Of Quantities
C3: UOM | D3: TOTAL SITE | E3: KARANGANYAR | F3: SRAGEN | H3: TOTAL PRICE
A4: A | B4: Service
A5: 1 | B5: Service: Penarikan Kabel 24 core Distribution | C5: meter | D5: =SUM(E5:F5) -> 53000 | E5: 13000 | F5: 40000 | H5: =G5*D5 -> 0
A6: 2 | B6: Service: Pemasangan Tiang 7m (4"/3mm)+Include pemasangan asesoris KU dan Cor Pondasi sesuai standart | C6: btg | D6: =SUM(E6:F6) -> 866 | E6: 207 | F6: 659 | H6: =G6*D6 -> 0
A7: 3 | B7: Service: Pemasangan Tiang 9m (4"/3mm)+Include pemasangan asesoris KU dan Cor Pondasi sesuai standart | C7: btg | D7: =SUM(E7:F7) -> 188 | E7: 46 | F7: 142 | H7: =G7*D7 -> 0
A8: 4 | B8: Service: Pemasangan Xframe/ Slack Hanger | C8: unit | H8: =G8*D8 -> 0
A9: 5 | B9: Service: Pemasangan ODP 24 - 144 core Lebih Include Labeling - Feeder | C9: pcs | H9: =G9*D9 -> 0
A10: 6 | B10: Service: Pemasangan Closure 24 - 144 core lebih Include Labeling - Feeder | C10: titik | H10: =G10*D10 -> 0
A11: 7 | B11: Service: Splicing core Include Labeling (Berikut Testing OTDR & OPM) - Feeder | C11: core | H11: =G11*D11 -> 0
A12: B | B12: ADD On | H12: =G12*D12 -> 0
A13: 1 | B13: Add On: Transportation Accomodation | C13: site | H13: =G13*D13 -> 0
A14: 2 | B14: Add On: Survey Lapangan Backbone < 1 Km | C14: meter | H14: =G14*D14 -> 0
A15: 3 | B15: Add On: Pengurusan Izin Kordinasi PU (exclude retribusi ) | C15: meter | H15: =G15*D15 -> 0
A16: 4 | B16: Add On : Homebase & Warehouse | C16: site | H16: =G16*D16 -> 0
A17: 5 | B17: Add On: As Plan Drawing, As Built Drawing, dan Gambar Teknis | C17: site | H17: =G17*D17 -> 0
A18: 6 | B18: Add On : Kordinasi Ormas Lingkungan & Privat area | C18: meter | H18: =G18*D18 -> 0
E20: Subtotal PO | G20: TOTAL | H20: =SUM(H5:H19) -> 0

Sheet GROBOGAN
A1: Bill Of Quantities FWA PROJECT SEGMENT : GROBOGAN (GROBOGAN - BLORA)
A2: NO | B2: Descrpition | C2: Bill Of Quantities
C3: UOM | D3: TOTAL SITE | E3: BLORA | F3: GROBOGAN | H3: TOTAL PRICE
A4: A | B4: Service
A5: 1 | B5: Service: Penarikan Kabel 24 core Distribution | C5: meter | D5: =SUM(E5:F5) -> 10199 | E5: 3600 | F5: 6599 | H5: =G5*D5 -> 0
A6: 2 | B6: Service: Pemasangan Tiang 7m (4"/3mm)+Include pemasangan asesoris KU dan Cor Pondasi sesuai standart | C6: btg | D6: =SUM(E6:F6) -> 163 | E6: 58 | F6: 105 | H6: =G6*D6 -> 0
A7: 3 | B7: Service: Pemasangan Tiang 9m (4"/3mm)+Include pemasangan asesoris KU dan Cor Pondasi sesuai standart | C7: btg | D7: =SUM(E7:F7) -> 36 | E7: 12 | F7: 24 | H7: =G7*D7 -> 0
A8: 4 | B8: Service: Pemasangan Xframe/ Slack Hanger | C8: unit | H8: =G8*D8 -> 0
A9: 5 | B9: Service: Pemasangan ODP 24 - 144 core Lebih Include Labeling - Feeder | C9: pcs | H9: =G9*D9 -> 0
A10: 6 | B10: Service: Pemasangan Closure 24 - 144 core lebih Include Labeling - Feeder | C10: titik | H10: =G10*D10 -> 0
A11: 7 | B11: Service: Splicing core Include Labeling (Berikut Testing OTDR & OPM) - Feeder | C11: core | H11: =G11*D11 -> 0
A12: B | B12: ADD On | H12: =G12*D12 -> 0
A13: 1 | B13: Add On: Transportation Accomodation | C13: site | H13: =G13*D13 -> 0
A14: 2 | B14: Add On: Survey Lapangan Backbone < 1 Km | C14: meter | H14: =G14*D14 -> 0
A15: 3 | B15: Add On: Pengurusan Izin Kordinasi PU (exclude retribusi ) | C15: meter | H15: =G15*D15 -> 0
A16: 4 | B16: Add On : Homebase & Warehouse | C16: site | H16: =G16*D16 -> 0
A17: 5 | B17: Add On: As Plan Drawing, As Built Drawing, dan Gambar Teknis | C17: site | H17: =G17*D17 -> 0
A18: 6 | B18: Add On : Kordinasi Ormas Lingkungan & Privat area | C18: meter | H18: =G18*D18 -> 0
E20: Subtotal PO | G20: TOTAL | H20: =SUM(H5:H19) -> 0
